Ten Nguoi Phat,Ma Nguoi Phat,Email,SDT
Bùi Trần Kỳ Nam,GoVap_KyNam,buitrankynam@gmail.com,0365868770
Cao Văn Tuấn,HocMon_VanTuan,caovantuan@gmail.com,0938761004
Đặng Thị Kim Nương,NhaBe_KimNuong,dangthikimnuong@gmail.com,0367600587
Đặng Văn Sỹ,CuChi_VanSy,dangvansy@gmail.com,0932995130
Đào Phương Nhi,BinhChanh_PhuongNhi,daophuongnhi@gmail.com,0902677041
Đào Tiến Dũng,Quan2_TienDung,daotiendung@gmail.com,0908969462
Diệp Anh Thư,NhaBe_AnhThu,diepanhthu@gmail.com,0777369854
Đinh Văn Vinh,ThuDuc_VanVinh,dinhvanvinh@gmail.com,0779411041
Đỗ Bích Trâm,BinhTan_BichTram,dobichtram@gmail.com,0937292678
Đõ Văn Đường,ThuDuc_VanDuong,dovanduong@gmail.com,0374815068
Hồ Hải Nam,TanBinh_HaiNam,hohainam@gmail.com,0347998112
Huỳnh Chí Tâm,Quan7_ChiTam,huynhchitam@gmail.com,0906597090
Huỳnh Thị Phương Hà,Quan12_PhuongHa,huynhthiphuongha@gmail.com,0988368881
Kiều Mạnh Khiêm,HocMon_ManhKhiem,kieumanhkhiem@gmail.com,0919482309
Lai Phụng My,BinhChanh_PhungMy,laiphungmy@gmail.com,0938274500
Lâm Hoàng Tuấn,BinhTan_HoangTuan,lamhoangtuan@gmail.com,0785275660
Lâm Văn An,ThuDuc_VanAn,lamvanan@gmail.com,0785160071
Lê Quang,CuChi_LeQuang,lequang@gmail.com,0782646901
Lê Tấn Lưu,BinhTan_TanLuu,letanluu@gmail.com,0903154742
Lê Thị Kim Khánh,BinhThanh_KimKhanh,lethikimkhanh@gmail.com,0347929887
Lê Thị Kim Như,BinhThanh_KimNhu,lethikimnhu@gmail.com,0869394356
Lê Thị Mai Hương,Quan1_MaiHuong,lethimaihuong@gmail.com,0392336881
Lê Trần Thảo Trang,BinhTan_ThaoTrang,letranthaotrang@gmail.com,0964645041
Lê Văn Dũng,Quan8_VanDung,levandung@gmail.com,0906939263
Lê Vĩnh Lợi,Quan7_VinhLoi,levinhloi@gmail.com,0789994973
Lý Vân Hà,BinhThanh_VanHa,lyvanha@gmail.com,0987318557
Mai Danh Khuê,Quan12_DanhKhue,maidanhkhue@gmail.com,0795741562
Ngô Kim Hồng,Quan6_KimHong,ngokimhong@gmail.com,0396628088
Ngô Thị Ngọc Bích,NhaBe_NgocBich,ngothingocbich@gmail.com,0706517112
Nguyễn Anh Sỹ Thanh,BinhTan_SyThanh,nguyenanhsythanh@gmail.com,0373882244
Nguyễn Anh Vũ Thanh,BinhTan_VuThanh,nguyenanhvuthanh@gmail.com,0707378850
Nguyễn Đinh Trường Vỹ,TanBinh_TruongVy,nguyendinhtruongvy@gmail.com,0899972656
Nguyễn Đình Tuấn,TanPhu_DinhTuan,nguyendinhtuan@gmail.com,0979553268
Nguyễn Đức Cường,Quan12_DucCuong,nguyenduccuong@gmail.com,0767202388
Nguyễn Hoàng Điệp,Quan1_HoangDiep,nguyenhoangdiep@gmail.com,0349653984
Nguyễn Hoàng Khang,Quan4_HoangKhang,nguyenhoangkhang@gmail.com,0909898496
Nguyễn Huỳnh Nhã Linh,Quan12_NhaLinh,nguyenhuynhnhalinh@gmail.com,0938733003
Nguyễn Long Hồ,BinhTan_LongHo,nguyenlongho@gmail.com,0335320442
Nguyễn Minh Phụng,ThuDuc_MinhPhung,nguyenminhphung@gmail.com,0794963607
Nguyễn Ngọc Long,Quan5_NgocLong,nguyenngoclong@gmail.com,0909959887
Nguyễn Ngọc Minh,Quan11_NgocMinh,nguyenngocminh@gmail.com,0909354660
Nguyễn Ngọc Phước,ThuDuc_NgocPhuoc,nguyenngocphuoc@gmail.com,0972797298
Nguyễn Nhật Duy,BinhTan_NhatDuy,nguyennhatduy@gmail.com,0335254382
Nguyễn Nhật Trường,Quan10_NhatTruong,nguyennhattruong@gmail.com,0397184176
Nguyễn Quốc Anh,GoVap_QuocAnh,nguyenquocanh@gmail.com,0962405710
Nguyễn Tấn Tùng,ThuDuc_TanTung,nguyentantung@gmail.com,0969223308
Nguyễn Thành Đạt,TanBinh_ThanhDat,nguyenthanhdat@gmail.com,0855210712
Nguyễn Thị Như Thảo,TanBinh_NhuThao,nguyenthinhuthao@gmail.com,0523213205
Nguyễn Thị Phương Thảo,Quan7_PhuongThao,nguyenthiphuongthao@gmail.com,0978316719
Nguyễn Thị Thùy Dung,GoVap_ThuyDung,nguyenthithuydung@gmail.com,0834497001
Nguyễn Thị Tuyết Nhung,Quan8_TuyetNhung,nguyenthituyetnhung@gmail.com,0765794917
Nguyễn Tiến Danh,HocMon_TienDanh,nguyentiendanh@gmail.com,0773404588
Nguyễn Tôn Văn,TanPhu_TonVan,nguyentonvan@gmail.com,0932896874
Nguyễn Trần Cẩm Tiên,HocMon_CamTien,nguyentrancamtien@gmail.com,0936549756
Nguyễn Tuấn Anh,Quan3_TuanAnh,nguyentuananh@gmail.com,0777385197
Nguyễn Văn Phú Toàn,Quan12_PhuToan,nguyenvanphutoan@gmail.com,0938451957
Nhan Ngọc Kim Ngân,Quan8_KimNgan,nhanngockimngan@gmail.com,0868895848
Phạm Duy Hoàng,Quan7_DuyHoang,phamduyhoang@gmail.com,0777395803
Phạm Hùng Nghị,PhuNhuan_HungNghi,phamhungnghi@gmail.com,0901704994
Phạm Hữu Nghị,PhuNhuan_HuuNghi,phamhuunghi@gmail.com,0901393932
Phạm Mi Sên,Quan8_MiSen,phammisen@gmail.com,0933901337
Phạm Phước Tường,Quan12_PhuocTuong,phamphuoctuong@gmail.com,0388339150
Phạm Thành Triệu,BinhThanh_ThanhTrieu,phamthanhtrieu@gmail.com,0943545159
Tạ Quang Khánh,BinhChanh_QuangKhanh,taquangkhanh@gmail.com,0789581843
Trần Đình Minh,TanPhu_DinhMinh,trandinhminh@gmail.com,0344668025
Trần Huyền Trân,TanPhu_HuyenTran,tranhuyentran@gmail.com,0385364849
Trần Huỳnh Như,GoVap_HuynhNhu,tranhuynhnhu@gmail.com,0946375620
Trần Thái Bảo,Quan6_ThaiBao,tranthaibao@gmail.com,0973543564
Trần Thị Bích Hậu,Quan12_BichHau,tranthibichhau@gmail.com,0934484118
Trần Văn Cường,TanPhu_VanCuong,tranvancuong@gmail.com,0987268486
Trần Văn Nghĩa,GoVap_VanNghia,tranvannghia@gmail.com,0908432069
Trần Vũ Minh,TanBinh_VuMinh,tranvuminh@gmail.com,0868374111
Trịnh Thị Bích Huyền,Quan9_BichHuyen,trinhthibichhuyen@gmail.com,0373912055
Trịnh Văn Thuận,Quan3_VanThuan,trinhvanthuan@gmail.com,0328463495
Trương Hoàng Điệp,BinhTan_HoangDiep,truonghoangdiep@gmail.com,0909707424
Trương Quốc Cường,GoVap_QuocCuong,truongquoccuong@gmail.com,0989687188
Trương Thị Tiến,Quan7_ThiTien,truongthitien@gmail.com,0964990490
Vòng Văn Mỹ,Quan8_VanMy,vongvanmy@gmail.com,0986855664
Vũ Quang Nhơn,BinhTan_QuangNhon,vuquangnhon@gmail.com,0907187018
